{"cameraMode":{"drawMode":0,"name":"Shaded","section":"Shading Mode"},"sceneLighting":true,"audioPlay":false,"sceneViewState":{"m_AlwaysRefresh":false,"showFog":true,"showSkybox":true,"showFlares":true,"showImageEffects":true,"showParticleSystems":true,"showVisualEffectGraphs":true,"m_FxEnabled":false},"in2DMode":false,"pivot":{"x":21.040569305419923,"y":2.9226958751678469,"z":-17.387222290039064},"rotation":{"x":-0.016317768022418023,"y":0.9691102504730225,"z":-0.24514740705490113,"w":-0.061218101531267169},"size":24.59016227722168,"orthographic":false}