{"cameraMode":{"drawMode":0,"name":"Shaded","section":"Shading Mode"},"sceneLighting":true,"audioPlay":false,"sceneViewState":{"m_AlwaysRefresh":false,"showFog":true,"showSkybox":true,"showFlares":true,"showImageEffects":true,"showParticleSystems":true,"showVisualEffectGraphs":true,"m_FxEnabled":true},"in2DMode":false,"pivot":{"x":-0.7020646929740906,"y":0.0027294838801026346,"z":-1.5440678596496583},"rotation":{"x":-0.5828521847724915,"y":0.08058937638998032,"z":-0.05824241042137146,"w":-0.8064741492271423},"size":12.655244827270508,"orthographic":false}