{"cameraMode":{"drawMode":0,"name":"Shaded","section":"Shading Mode"},"sceneLighting":true,"audioPlay":false,"sceneViewState":{"m_AlwaysRefresh":false,"showFog":true,"showSkybox":true,"showFlares":true,"showImageEffects":true,"showParticleSystems":true,"showVisualEffectGraphs":true,"m_FxEnabled":true},"in2DMode":false,"pivot":{"x":39.10672378540039,"y":1.3544039726257325,"z":-8.762360572814942},"rotation":{"x":-0.3595581650733948,"y":-0.031502462923526767,"z":0.013242674991488457,"w":-0.9331530332565308},"size":27.616947174072267,"orthographic":false}