{"cameraMode":{"drawMode":0,"name":"Shaded","section":"Shading Mode"},"sceneLighting":true,"audioPlay":false,"sceneViewState":{"m_AlwaysRefresh":false,"showFog":true,"showSkybox":true,"showFlares":true,"showImageEffects":true,"showParticleSystems":true,"showVisualEffectGraphs":true,"m_FxEnabled":true},"in2DMode":false,"pivot":{"x":-9.268101692199707,"y":2.535768747329712,"z":10.603779792785645},"rotation":{"x":-0.21320010721683503,"y":-0.025814484804868699,"z":0.006718247197568417,"w":-0.9772857427597046},"size":7.052746295928955,"orthographic":false}