{"cameraMode":{"drawMode":0,"name":"Shaded","section":"Shading Mode"},"sceneLighting":true,"audioPlay":false,"sceneViewState":{"m_AlwaysRefresh":false,"showFog":true,"showSkybox":true,"showFlares":true,"showImageEffects":true,"showParticleSystems":true,"showVisualEffectGraphs":true,"m_FxEnabled":false},"in2DMode":false,"pivot":{"x":26.911643981933595,"y":28.88694190979004,"z":-32.22095489501953},"rotation":{"x":0.39346742630004885,"y":-0.12929105758666993,"z":0.05797688663005829,"w":0.9101623892784119},"size":1.9016473293304444,"orthographic":false}