{"cameraMode":{"drawMode":0,"name":"Shaded","section":"Shading Mode"},"sceneLighting":false,"audioPlay":false,"sceneViewState":{"m_AlwaysRefresh":false,"showFog":true,"showSkybox":true,"showFlares":true,"showImageEffects":true,"showParticleSystems":true,"showVisualEffectGraphs":true,"m_FxEnabled":false},"in2DMode":false,"pivot":{"x":29.81538963317871,"y":-2.0434300899505617,"z":-5.244880676269531},"rotation":{"x":0.5940344929695129,"y":0.003950272686779499,"z":0.007585236802697182,"w":0.8065686225891113},"size":32.50385284423828,"orthographic":false}