{"cameraMode":{"drawMode":0,"name":"Shaded","section":"Shading Mode"},"sceneLighting":true,"audioPlay":false,"sceneViewState":{"m_AlwaysRefresh":false,"showFog":true,"showSkybox":true,"showFlares":true,"showImageEffects":true,"showParticleSystems":true,"showVisualEffectGraphs":true,"m_FxEnabled":false},"in2DMode":false,"pivot":{"x":-1.7139843702316285,"y":0.11260264366865158,"z":2.7007527351379396},"rotation":{"x":-0.37252259254455569,"y":-0.05252324789762497,"z":0.014569532126188279,"w":-0.9282495975494385},"size":8.69152545928955,"orthographic":false}