{"cameraMode":{"drawMode":0,"name":"Shaded","section":"Shading Mode"},"sceneLighting":false,"audioPlay":false,"sceneViewState":{"m_AlwaysRefresh":false,"showFog":true,"showSkybox":true,"showFlares":true,"showImageEffects":true,"showParticleSystems":true,"showVisualEffectGraphs":true,"m_FxEnabled":true},"in2DMode":false,"pivot":{"x":40.411800384521487,"y":-1.8019485473632813,"z":1.6148300170898438},"rotation":{"x":0.2526979148387909,"y":-0.6124331951141357,"z":0.21953034400939942,"w":0.7180847525596619},"size":13.395183563232422,"orthographic":false}