{"cameraMode":{"drawMode":0,"name":"Shaded","section":"Shading Mode"},"sceneLighting":false,"audioPlay":false,"sceneViewState":{"m_AlwaysRefresh":false,"showFog":true,"showSkybox":true,"showFlares":true,"showImageEffects":true,"showParticleSystems":true,"showVisualEffectGraphs":true,"m_FxEnabled":true},"in2DMode":false,"pivot":{"x":1.3248854875564576,"y":-10.046904563903809,"z":-14.969342231750489},"rotation":{"x":0.014821115881204605,"y":0.9267920851707459,"z":-0.37484028935432436,"w":0.037563174962997439},"size":20.735939025878908,"orthographic":false}