{"cameraMode":{"drawMode":0,"name":"Shaded","section":"Shading Mode"},"sceneLighting":false,"audioPlay":false,"sceneViewState":{"m_AlwaysRefresh":false,"showFog":true,"showSkybox":true,"showFlares":true,"showImageEffects":true,"showParticleSystems":true,"showVisualEffectGraphs":true,"m_FxEnabled":false},"in2DMode":false,"pivot":{"x":67.96483612060547,"y":6.466738224029541,"z":-15.589264869689942},"rotation":{"x":0.019107621163129808,"y":0.6552538275718689,"z":-0.008033381775021553,"w":0.7551188468933106},"size":25.699018478393556,"orthographic":false}