{"cameraMode":{"drawMode":0,"name":"Shaded","section":"Shading Mode"},"sceneLighting":false,"audioPlay":false,"sceneViewState":{"m_AlwaysRefresh":false,"showFog":true,"showSkybox":true,"showFlares":true,"showImageEffects":true,"showParticleSystems":true,"showVisualEffectGraphs":true,"m_FxEnabled":false},"in2DMode":false,"pivot":{"x":43.748966217041019,"y":-12.989505767822266,"z":17.260324478149415},"rotation":{"x":-0.36838626861572268,"y":-0.042027950286865237,"z":0.010863913223147393,"w":-0.9302617907524109},"size":42.708343505859378,"orthographic":false}