{"cameraMode":{"drawMode":0,"name":"Shaded","section":"Shading Mode"},"sceneLighting":false,"audioPlay":false,"sceneViewState":{"m_AlwaysRefresh":false,"showFog":true,"showSkybox":true,"showFlares":true,"showImageEffects":true,"showParticleSystems":true,"showVisualEffectGraphs":true,"m_FxEnabled":false},"in2DMode":false,"pivot":{"x":52.169193267822269,"y":5.222757816314697,"z":-4.5403008460998539},"rotation":{"x":0.45067477226257326,"y":0.03010326810181141,"z":-0.007919001393020153,"w":0.8937954902648926},"size":1.7715272903442383,"orthographic":false}