{"cameraMode":{"drawMode":0,"name":"Shaded","section":"Shading Mode"},"sceneLighting":false,"audioPlay":false,"sceneViewState":{"m_AlwaysRefresh":false,"showFog":true,"showSkybox":true,"showFlares":true,"showImageEffects":true,"showParticleSystems":true,"showVisualEffectGraphs":true,"m_FxEnabled":true},"in2DMode":false,"pivot":{"x":3.386699676513672,"y":2.1385865211486818,"z":-15.649292945861817},"rotation":{"x":0.05466233193874359,"y":0.9369049072265625,"z":-0.15079370141029359,"w":0.3150247633457184},"size":13.937796592712403,"orthographic":false}