{"cameraMode":{"drawMode":0,"name":"Shaded","section":"Shading Mode"},"sceneLighting":true,"audioPlay":false,"sceneViewState":{"m_AlwaysRefresh":false,"showFog":true,"showSkybox":true,"showFlares":true,"showImageEffects":true,"showParticleSystems":true,"showVisualEffectGraphs":true,"m_FxEnabled":true},"in2DMode":false,"pivot":{"x":7.351152420043945,"y":-9.020806312561036,"z":-5.7892537117004398},"rotation":{"x":-0.12839524447917939,"y":-0.8508259057998657,"z":0.24082183837890626,"w":-0.44976699352264407},"size":22.545289993286134,"orthographic":false}