{"cameraMode":{"drawMode":0,"name":"Shaded","section":"Shading Mode"},"sceneLighting":false,"audioPlay":false,"sceneViewState":{"m_AlwaysRefresh":false,"showFog":true,"showSkybox":true,"showFlares":true,"showImageEffects":true,"showParticleSystems":true,"showVisualEffectGraphs":true,"m_FxEnabled":false},"in2DMode":false,"pivot":{"x":340.4767761230469,"y":179.13592529296876,"z":156.810791015625},"rotation":{"x":0.06497032940387726,"y":0.0722498968243599,"z":0.0018992798868566752,"w":0.9953190088272095},"size":403.4312438964844,"orthographic":false}